-- phpMyAdmin SQL Dump
-- version 4.9.2
-- https://www.phpmyadmin.net/
--
-- Host: 127.0.0.1
-- Generation Time: 20 окт 2020 в 15:12
-- Версия на сървъра: 10.4.11-MariaDB
-- PHP Version: 7.4.1

SET SQL_MODE = "NO_AUTO_VALUE_ON_ZERO";
SET AUTOCOMMIT = 0;
START TRANSACTION;
SET time_zone = "+00:00";


/*!40101 SET @OLD_CHARACTER_SET_CLIENT=@@CHARACTER_SET_CLIENT */;
/*!40101 SET @OLD_CHARACTER_SET_RESULTS=@@CHARACTER_SET_RESULTS */;
/*!40101 SET @OLD_COLLATION_CONNECTION=@@COLLATION_CONNECTION */;
/*!40101 SET NAMES utf8mb4 */;

--
-- Database: `forum`
--

-- --------------------------------------------------------

--
-- Структура на таблица `category`
--

CREATE TABLE `category` (
  `category_id` int(11) NOT NULL,
  `category_name` varchar(50) NOT NULL
) ENGINE=InnoDB DEFAULT CHARSET=utf8mb4;

--
-- Схема на данните от таблица `category`
--

INSERT INTO `category` (`category_id`, `category_name`) VALUES
(1, 'games'),
(2, 'movies'),
(3, 'news'),
(4, 'job');

-- --------------------------------------------------------

--
-- Структура на таблица `comments`
--

CREATE TABLE `comments` (
  `comment_id` int(11) NOT NULL,
  `user_id` int(11) NOT NULL,
  `thread_id` int(11) NOT NULL,
  `date` datetime NOT NULL,
  `content` text NOT NULL
) ENGINE=InnoDB DEFAULT CHARSET=utf8mb4;

--
-- Схема на данните от таблица `comments`
--

INSERT INTO `comments` (`comment_id`, `user_id`, `thread_id`, `date`, `content`) VALUES
(1, 14, 1001, '2020-09-11 14:10:55', 'bravo ne spirai'),
(2, 11, 999, '2020-09-11 15:11:16', 'ерг'),
(3, 11, 999, '2020-09-11 15:11:17', 'ерг'),
(4, 11, 999, '2020-09-11 15:11:18', 'ерг'),
(5, 11, 999, '2020-09-11 15:11:19', 'ергергег'),
(6, 11, 999, '2020-09-11 15:11:21', 'ергерг'),
(7, 11, 999, '2020-09-11 15:11:22', 'ергхнехне'),
(8, 11, 999, '2020-09-11 15:11:25', 'ененен'),
(9, 11, 999, '2020-09-11 15:11:29', '34ъъ6'),
(10, 11, 999, '2020-09-11 15:11:36', 'пш\\\'ш/./;\\\'юпшщ'),
(11, 11, 999, '2020-09-11 15:11:45', '!@№$%€§*()_+'),
(12, 11, 999, '2020-09-11 15:12:41', 'dfh\\r\\ndfg\\r\\ndfg'),
(13, 11, 999, '2020-09-11 15:13:17', 'х'),
(14, 11, 999, '2020-09-11 15:13:32', 'явертъуиопшщасдфгхйкл;\\\'юзьцжбнм,./'),
(15, 11, 999, '2020-09-11 15:13:38', 'хХх'),
(16, 11, 999, '2020-09-11 15:15:25', '1\\r\\nnow red\\r\\n2'),
(17, 11, 999, '2020-09-11 15:17:14', 'qwertyuiop[]\\\\\\r\\nasdfghjkl;\\\'\\\\\\r\\nzxcvbnm,./'),
(18, 11, 999, '2020-09-11 15:17:20', 'hhhhhhh'),
(19, 11, 999, '2020-09-11 15:17:22', 'яяяяяяяяяяяя'),
(20, 11, 999, '2020-09-11 15:19:55', '/х'),
(21, 11, 999, '2020-09-11 15:20:08', '/|х'),
(22, 11, 999, '2020-09-11 15:20:18', '\\\"х\\\"'),
(23, 11, 999, '2020-09-11 15:20:28', '\\\"'),
(24, 11, 999, '2020-09-11 15:20:31', '\\\"'),
(25, 11, 999, '2020-09-11 15:20:46', '\\\"\\\"\\\"\\\"\\\"\\\"\\\"\\\"\\\"\\\"\\\"\\\"\\\"\\\"\\\"\\\"\\\"\\\"'),
(26, 11, 999, '2020-09-11 15:20:51', '['),
(27, 11, 999, '2020-09-11 15:20:53', ']'),
(28, 11, 999, '2020-09-11 15:20:56', ';\\\'\\\\'),
(29, 11, 999, '2020-09-11 15:20:58', '\\\\'),
(30, 11, 999, '2020-09-11 15:21:00', '\\\\'),
(31, 11, 999, '2020-09-11 15:21:04', '/'),
(32, 11, 999, '2020-09-11 15:21:06', '.'),
(33, 11, 999, '2020-09-11 15:21:07', ','),
(34, 11, 999, '2020-09-11 15:21:12', '+_)'),
(35, 11, 999, '2020-09-11 15:21:14', '('),
(36, 11, 999, '2020-09-11 15:21:16', '*&'),
(37, 11, 999, '2020-09-11 15:21:39', 'DROP table'),
(38, 11, 999, '2020-09-11 15:23:11', 'х'),
(39, 11, 999, '2020-09-11 15:23:20', 'х'),
(40, 11, 999, '2020-09-11 15:23:22', '\\'),
(41, 11, 999, '2020-09-11 15:23:26', '/'),
(42, 11, 999, '2020-09-11 15:23:32', '//'),
(43, 11, 999, '2020-09-11 15:23:40', '/|'),
(44, 11, 999, '2020-09-11 15:23:46', '\"'),
(45, 11, 999, '2020-09-11 15:23:53', 'х\r\n'),
(46, 11, 999, '2020-09-11 15:23:58', '\r\n\r\n\r\n\r\n\r\n\r\n'),
(47, 11, 999, '2020-09-11 15:24:11', 'а'),
(48, 11, 999, '2020-09-11 15:24:20', 'хххх'),
(49, 11, 1000, '2020-10-06 08:10:21', 'х'),
(50, 11, 1000, '2020-10-06 08:20:44', 'eng test: `1234567890-=~!@#$%^&*()_+ qwertyuiop[]QWERTYUIOP{}\r\nasdfghjkl;\'\\ASDFGHJKL:\"| zxcvbnm,./ZXCVBNM<>?'),
(51, 11, 1000, '2020-10-06 08:22:10', 'бг тест: ч1234567890-=Ч!@№$%€§*()_+ явертъуиопшщЯВЕРТЪУИОПШЩ\r\nасдфгхйкл;\'юАСДФГХЙКЛ:\"Ю зьцжбнм,./ЗѝЦЖБНМ<>?'),
(52, 11, 1000, '2020-10-06 08:39:12', 'asd        asd\r\nasd        asd'),
(53, 11, 1000, '2020-10-06 08:51:08', 'a\r\na'),
(54, 11, 1000, '2020-10-06 09:27:54', 'a         \r\n        a'),
(55, 11, 1000, '2020-10-06 09:30:20', 'р'),
(56, 11, 1000, '2020-10-06 09:30:22', 'Р');

-- --------------------------------------------------------

--
-- Структура на таблица `threads`
--

CREATE TABLE `threads` (
  `thread_id` int(11) NOT NULL,
  `name_thread` varchar(255) NOT NULL,
  `user_id` int(11) NOT NULL,
  `date` datetime NOT NULL,
  `content_thread_games` text NOT NULL
) ENGINE=InnoDB DEFAULT CHARSET=utf8mb4;

--
-- Схема на данните от таблица `threads`
--

INSERT INTO `threads` (`thread_id`, `name_thread`, `user_id`, `date`, `content_thread_games`) VALUES
(1, '0', 11, '2020-09-09 17:03:59', 'test'),
(2, '1', 11, '2020-09-09 17:03:59', 'test'),
(3, '2', 11, '2020-09-09 17:03:59', 'test'),
(4, '3', 11, '2020-09-09 17:04:00', 'test'),
(5, '4', 11, '2020-09-09 17:04:00', 'test'),
(6, '5', 11, '2020-09-09 17:04:00', 'test'),
(7, '6', 11, '2020-09-09 17:04:00', 'test'),
(8, '7', 11, '2020-09-09 17:04:00', 'test'),
(9, '8', 11, '2020-09-09 17:04:00', 'test'),
(10, '9', 11, '2020-09-09 17:04:00', 'test'),
(11, '10', 11, '2020-09-09 17:04:00', 'test'),
(12, '11', 11, '2020-09-09 17:04:00', 'test'),
(13, '12', 11, '2020-09-09 17:04:00', 'test'),
(14, '13', 11, '2020-09-09 17:04:00', 'test'),
(15, '14', 11, '2020-09-09 17:04:01', 'test'),
(16, '15', 11, '2020-09-09 17:04:01', 'test'),
(17, '16', 11, '2020-09-09 17:04:01', 'test'),
(18, '17', 11, '2020-09-09 17:04:01', 'test'),
(19, '18', 11, '2020-09-09 17:04:01', 'test'),
(20, '19', 11, '2020-09-09 17:04:01', 'test'),
(21, '20', 11, '2020-09-09 17:04:01', 'test'),
(22, '21', 11, '2020-09-09 17:04:01', 'test'),
(23, '22', 11, '2020-09-09 17:04:01', 'test'),
(24, '23', 11, '2020-09-09 17:04:01', 'test'),
(25, '24', 11, '2020-09-09 17:04:02', 'test'),
(26, '25', 11, '2020-09-09 17:04:02', 'test'),
(27, '26', 11, '2020-09-09 17:04:02', 'test'),
(28, '27', 11, '2020-09-09 17:04:02', 'test'),
(29, '28', 11, '2020-09-09 17:04:02', 'test'),
(30, '29', 11, '2020-09-09 17:04:02', 'test'),
(31, '30', 11, '2020-09-09 17:04:02', 'test'),
(32, '31', 11, '2020-09-09 17:04:02', 'test'),
(33, '32', 11, '2020-09-09 17:04:02', 'test'),
(34, '33', 11, '2020-09-09 17:04:02', 'test'),
(35, '34', 11, '2020-09-09 17:04:02', 'test'),
(36, '35', 11, '2020-09-09 17:04:02', 'test'),
(37, '36', 11, '2020-09-09 17:04:03', 'test'),
(38, '37', 11, '2020-09-09 17:04:03', 'test'),
(39, '38', 11, '2020-09-09 17:04:03', 'test'),
(40, '39', 11, '2020-09-09 17:04:03', 'test'),
(41, '40', 11, '2020-09-09 17:04:03', 'test'),
(42, '41', 11, '2020-09-09 17:04:03', 'test'),
(43, '42', 11, '2020-09-09 17:04:03', 'test'),
(44, '43', 11, '2020-09-09 17:04:03', 'test'),
(45, '44', 11, '2020-09-09 17:04:03', 'test'),
(46, '45', 11, '2020-09-09 17:04:03', 'test'),
(47, '46', 11, '2020-09-09 17:04:04', 'test'),
(48, '47', 11, '2020-09-09 17:04:04', 'test'),
(49, '48', 11, '2020-09-09 17:04:04', 'test'),
(50, '49', 11, '2020-09-09 17:04:04', 'test'),
(51, '50', 11, '2020-09-09 17:04:04', 'test'),
(52, '51', 11, '2020-09-09 17:04:04', 'test'),
(53, '52', 11, '2020-09-09 17:04:04', 'test'),
(54, '53', 11, '2020-09-09 17:04:04', 'test'),
(55, '54', 11, '2020-09-09 17:04:04', 'test'),
(56, '55', 11, '2020-09-09 17:04:04', 'test'),
(57, '56', 11, '2020-09-09 17:04:05', 'test'),
(58, '57', 11, '2020-09-09 17:04:05', 'test'),
(59, '58', 11, '2020-09-09 17:04:05', 'test'),
(60, '59', 11, '2020-09-09 17:04:05', 'test'),
(61, '60', 11, '2020-09-09 17:04:05', 'test'),
(62, '61', 11, '2020-09-09 17:04:05', 'test'),
(63, '62', 11, '2020-09-09 17:04:05', 'test'),
(64, '63', 11, '2020-09-09 17:04:05', 'test'),
(65, '64', 11, '2020-09-09 17:04:05', 'test'),
(66, '65', 11, '2020-09-09 17:04:05', 'test'),
(67, '66', 11, '2020-09-09 17:04:06', 'test'),
(68, '67', 11, '2020-09-09 17:04:06', 'test'),
(69, '68', 11, '2020-09-09 17:04:06', 'test'),
(70, '69', 11, '2020-09-09 17:04:06', 'test'),
(71, '70', 11, '2020-09-09 17:04:06', 'test'),
(72, '71', 11, '2020-09-09 17:04:06', 'test'),
(73, '72', 11, '2020-09-09 17:04:06', 'test'),
(74, '73', 11, '2020-09-09 17:04:06', 'test'),
(75, '74', 11, '2020-09-09 17:04:06', 'test'),
(76, '75', 11, '2020-09-09 17:04:06', 'test'),
(77, '76', 11, '2020-09-09 17:04:06', 'test'),
(78, '77', 11, '2020-09-09 17:04:06', 'test'),
(79, '78', 11, '2020-09-09 17:04:07', 'test'),
(80, '79', 11, '2020-09-09 17:04:07', 'test'),
(81, '80', 11, '2020-09-09 17:04:07', 'test'),
(82, '81', 11, '2020-09-09 17:04:07', 'test'),
(83, '82', 11, '2020-09-09 17:04:07', 'test'),
(84, '83', 11, '2020-09-09 17:04:07', 'test'),
(85, '84', 11, '2020-09-09 17:04:07', 'test'),
(86, '85', 11, '2020-09-09 17:04:07', 'test'),
(87, '86', 11, '2020-09-09 17:04:07', 'test'),
(88, '87', 11, '2020-09-09 17:04:08', 'test'),
(89, '88', 11, '2020-09-09 17:04:08', 'test'),
(90, '89', 11, '2020-09-09 17:04:08', 'test'),
(91, '90', 11, '2020-09-09 17:04:08', 'test'),
(92, '91', 11, '2020-09-09 17:04:08', 'test'),
(93, '92', 11, '2020-09-09 17:04:08', 'test'),
(94, '93', 11, '2020-09-09 17:04:08', 'test'),
(95, '94', 11, '2020-09-09 17:04:08', 'test'),
(96, '95', 11, '2020-09-09 17:04:08', 'test'),
(97, '96', 11, '2020-09-09 17:04:08', 'test'),
(98, '97', 11, '2020-09-09 17:04:08', 'test'),
(99, '98', 11, '2020-09-09 17:04:08', 'test'),
(100, '99', 11, '2020-09-09 17:04:09', 'test'),
(101, '100', 11, '2020-09-09 17:04:09', 'test'),
(102, '101', 11, '2020-09-09 17:04:09', 'test'),
(103, '102', 11, '2020-09-09 17:04:09', 'test'),
(104, '103', 11, '2020-09-09 17:04:09', 'test'),
(105, '104', 11, '2020-09-09 17:04:09', 'test'),
(106, '105', 11, '2020-09-09 17:04:09', 'test'),
(107, '106', 11, '2020-09-09 17:04:09', 'test'),
(108, '107', 11, '2020-09-09 17:04:09', 'test'),
(109, '108', 11, '2020-09-09 17:04:09', 'test'),
(110, '109', 11, '2020-09-09 17:04:09', 'test'),
(111, '110', 11, '2020-09-09 17:04:09', 'test'),
(112, '111', 11, '2020-09-09 17:04:09', 'test'),
(113, '112', 11, '2020-09-09 17:04:10', 'test'),
(114, '113', 11, '2020-09-09 17:04:10', 'test'),
(115, '114', 11, '2020-09-09 17:04:10', 'test'),
(116, '115', 11, '2020-09-09 17:04:10', 'test'),
(117, '116', 11, '2020-09-09 17:04:10', 'test'),
(118, '117', 11, '2020-09-09 17:04:10', 'test'),
(119, '118', 11, '2020-09-09 17:04:10', 'test'),
(120, '119', 11, '2020-09-09 17:04:10', 'test'),
(121, '120', 11, '2020-09-09 17:04:11', 'test'),
(122, '121', 11, '2020-09-09 17:04:11', 'test'),
(123, '122', 11, '2020-09-09 17:04:11', 'test'),
(124, '123', 11, '2020-09-09 17:04:11', 'test'),
(125, '124', 11, '2020-09-09 17:04:11', 'test'),
(126, '125', 11, '2020-09-09 17:04:11', 'test'),
(127, '126', 11, '2020-09-09 17:04:11', 'test'),
(128, '127', 11, '2020-09-09 17:04:11', 'test'),
(129, '128', 11, '2020-09-09 17:04:11', 'test'),
(130, '129', 11, '2020-09-09 17:04:11', 'test'),
(131, '130', 11, '2020-09-09 17:04:12', 'test'),
(132, '131', 11, '2020-09-09 17:04:12', 'test'),
(133, '132', 11, '2020-09-09 17:04:12', 'test'),
(134, '133', 11, '2020-09-09 17:04:12', 'test'),
(135, '134', 11, '2020-09-09 17:04:12', 'test'),
(136, '135', 11, '2020-09-09 17:04:12', 'test'),
(137, '136', 11, '2020-09-09 17:04:12', 'test'),
(138, '137', 11, '2020-09-09 17:04:12', 'test'),
(139, '138', 11, '2020-09-09 17:04:12', 'test'),
(140, '139', 11, '2020-09-09 17:04:13', 'test'),
(141, '140', 11, '2020-09-09 17:04:13', 'test'),
(142, '141', 11, '2020-09-09 17:04:13', 'test'),
(143, '142', 11, '2020-09-09 17:04:13', 'test'),
(144, '143', 11, '2020-09-09 17:04:13', 'test'),
(145, '144', 11, '2020-09-09 17:04:13', 'test'),
(146, '145', 11, '2020-09-09 17:04:13', 'test'),
(147, '146', 11, '2020-09-09 17:04:13', 'test'),
(148, '147', 11, '2020-09-09 17:04:13', 'test'),
(149, '148', 11, '2020-09-09 17:04:13', 'test'),
(150, '149', 11, '2020-09-09 17:04:13', 'test'),
(151, '150', 11, '2020-09-09 17:04:13', 'test'),
(152, '151', 11, '2020-09-09 17:04:13', 'test'),
(153, '152', 11, '2020-09-09 17:04:14', 'test'),
(154, '153', 11, '2020-09-09 17:04:14', 'test'),
(155, '154', 11, '2020-09-09 17:04:14', 'test'),
(156, '155', 11, '2020-09-09 17:04:14', 'test'),
(157, '156', 11, '2020-09-09 17:04:14', 'test'),
(158, '157', 11, '2020-09-09 17:04:14', 'test'),
(159, '158', 11, '2020-09-09 17:04:14', 'test'),
(160, '159', 11, '2020-09-09 17:04:14', 'test'),
(161, '160', 11, '2020-09-09 17:04:14', 'test'),
(162, '161', 11, '2020-09-09 17:04:14', 'test'),
(163, '162', 11, '2020-09-09 17:04:15', 'test'),
(164, '163', 11, '2020-09-09 17:04:15', 'test'),
(165, '164', 11, '2020-09-09 17:04:15', 'test'),
(166, '165', 11, '2020-09-09 17:04:15', 'test'),
(167, '166', 11, '2020-09-09 17:04:15', 'test'),
(168, '167', 11, '2020-09-09 17:04:15', 'test'),
(169, '168', 11, '2020-09-09 17:04:15', 'test'),
(170, '169', 11, '2020-09-09 17:04:15', 'test'),
(171, '170', 11, '2020-09-09 17:04:15', 'test'),
(172, '171', 11, '2020-09-09 17:04:15', 'test'),
(173, '172', 11, '2020-09-09 17:04:16', 'test'),
(174, '173', 11, '2020-09-09 17:04:16', 'test'),
(175, '174', 11, '2020-09-09 17:04:16', 'test'),
(176, '175', 11, '2020-09-09 17:04:16', 'test'),
(177, '176', 11, '2020-09-09 17:04:16', 'test'),
(178, '177', 11, '2020-09-09 17:04:16', 'test'),
(179, '178', 11, '2020-09-09 17:04:16', 'test'),
(180, '179', 11, '2020-09-09 17:04:16', 'test'),
(181, '180', 11, '2020-09-09 17:04:16', 'test'),
(182, '181', 11, '2020-09-09 17:04:16', 'test'),
(183, '182', 11, '2020-09-09 17:04:16', 'test'),
(184, '183', 11, '2020-09-09 17:04:16', 'test'),
(185, '184', 11, '2020-09-09 17:04:17', 'test'),
(186, '185', 11, '2020-09-09 17:04:17', 'test'),
(187, '186', 11, '2020-09-09 17:04:17', 'test'),
(188, '187', 11, '2020-09-09 17:04:17', 'test'),
(189, '188', 11, '2020-09-09 17:04:18', 'test'),
(190, '189', 11, '2020-09-09 17:04:18', 'test'),
(191, '190', 11, '2020-09-09 17:04:18', 'test'),
(192, '191', 11, '2020-09-09 17:04:18', 'test'),
(193, '192', 11, '2020-09-09 17:04:18', 'test'),
(194, '193', 11, '2020-09-09 17:04:18', 'test'),
(195, '194', 11, '2020-09-09 17:04:18', 'test'),
(196, '195', 11, '2020-09-09 17:04:18', 'test'),
(197, '196', 11, '2020-09-09 17:04:18', 'test'),
(198, '197', 11, '2020-09-09 17:04:19', 'test'),
(199, '198', 11, '2020-09-09 17:04:19', 'test'),
(200, '199', 11, '2020-09-09 17:04:19', 'test'),
(201, '200', 11, '2020-09-09 17:04:19', 'test'),
(202, '201', 11, '2020-09-09 17:04:19', 'test'),
(203, '202', 11, '2020-09-09 17:04:19', 'test'),
(204, '203', 11, '2020-09-09 17:04:19', 'test'),
(205, '204', 11, '2020-09-09 17:04:19', 'test'),
(206, '205', 11, '2020-09-09 17:04:20', 'test'),
(207, '206', 11, '2020-09-09 17:04:20', 'test'),
(208, '207', 11, '2020-09-09 17:04:20', 'test'),
(209, '208', 11, '2020-09-09 17:04:20', 'test'),
(210, '209', 11, '2020-09-09 17:04:20', 'test'),
(211, '210', 11, '2020-09-09 17:04:20', 'test'),
(212, '211', 11, '2020-09-09 17:04:20', 'test'),
(213, '212', 11, '2020-09-09 17:04:20', 'test'),
(214, '213', 11, '2020-09-09 17:04:20', 'test'),
(215, '214', 11, '2020-09-09 17:04:20', 'test'),
(216, '215', 11, '2020-09-09 17:04:21', 'test'),
(217, '216', 11, '2020-09-09 17:04:21', 'test'),
(218, '217', 11, '2020-09-09 17:04:21', 'test'),
(219, '218', 11, '2020-09-09 17:04:21', 'test'),
(220, '219', 11, '2020-09-09 17:04:21', 'test'),
(221, '220', 11, '2020-09-09 17:04:21', 'test'),
(222, '221', 11, '2020-09-09 17:04:21', 'test'),
(223, '222', 11, '2020-09-09 17:04:21', 'test'),
(224, '223', 11, '2020-09-09 17:04:21', 'test'),
(225, '224', 11, '2020-09-09 17:04:21', 'test'),
(226, '225', 11, '2020-09-09 17:04:22', 'test'),
(227, '226', 11, '2020-09-09 17:04:22', 'test'),
(228, '227', 11, '2020-09-09 17:04:22', 'test'),
(229, '228', 11, '2020-09-09 17:04:22', 'test'),
(230, '229', 11, '2020-09-09 17:04:22', 'test'),
(231, '230', 11, '2020-09-09 17:04:22', 'test'),
(232, '231', 11, '2020-09-09 17:04:22', 'test'),
(233, '232', 11, '2020-09-09 17:04:22', 'test'),
(234, '233', 11, '2020-09-09 17:04:22', 'test'),
(235, '234', 11, '2020-09-09 17:04:23', 'test'),
(236, '235', 11, '2020-09-09 17:04:23', 'test'),
(237, '236', 11, '2020-09-09 17:04:23', 'test'),
(238, '237', 11, '2020-09-09 17:04:23', 'test'),
(239, '238', 11, '2020-09-09 17:04:23', 'test'),
(240, '239', 11, '2020-09-09 17:04:23', 'test'),
(241, '240', 11, '2020-09-09 17:04:24', 'test'),
(242, '241', 11, '2020-09-09 17:04:24', 'test'),
(243, '242', 11, '2020-09-09 17:04:24', 'test'),
(244, '243', 11, '2020-09-09 17:04:24', 'test'),
(245, '244', 11, '2020-09-09 17:04:24', 'test'),
(246, '245', 11, '2020-09-09 17:04:25', 'test'),
(247, '246', 11, '2020-09-09 17:04:25', 'test'),
(248, '247', 11, '2020-09-09 17:04:25', 'test'),
(249, '248', 11, '2020-09-09 17:04:25', 'test'),
(250, '249', 11, '2020-09-09 17:04:25', 'test'),
(251, '250', 11, '2020-09-09 17:04:25', 'test'),
(252, '251', 11, '2020-09-09 17:04:25', 'test'),
(253, '252', 11, '2020-09-09 17:04:26', 'test'),
(254, '253', 11, '2020-09-09 17:04:26', 'test'),
(255, '254', 11, '2020-09-09 17:04:26', 'test'),
(256, '255', 11, '2020-09-09 17:04:26', 'test'),
(257, '256', 11, '2020-09-09 17:04:26', 'test'),
(258, '257', 11, '2020-09-09 17:04:26', 'test'),
(259, '258', 11, '2020-09-09 17:04:26', 'test'),
(260, '259', 11, '2020-09-09 17:04:26', 'test'),
(261, '260', 11, '2020-09-09 17:04:27', 'test'),
(262, '261', 11, '2020-09-09 17:04:27', 'test'),
(263, '262', 11, '2020-09-09 17:04:27', 'test'),
(264, '263', 11, '2020-09-09 17:04:27', 'test'),
(265, '264', 11, '2020-09-09 17:04:27', 'test'),
(266, '265', 11, '2020-09-09 17:04:27', 'test'),
(267, '266', 11, '2020-09-09 17:04:27', 'test'),
(268, '267', 11, '2020-09-09 17:04:28', 'test'),
(269, '268', 11, '2020-09-09 17:04:28', 'test'),
(270, '269', 11, '2020-09-09 17:04:28', 'test'),
(271, '270', 11, '2020-09-09 17:04:28', 'test'),
(272, '271', 11, '2020-09-09 17:04:28', 'test'),
(273, '272', 11, '2020-09-09 17:04:28', 'test'),
(274, '273', 11, '2020-09-09 17:04:28', 'test'),
(275, '274', 11, '2020-09-09 17:04:29', 'test'),
(276, '275', 11, '2020-09-09 17:04:29', 'test'),
(277, '276', 11, '2020-09-09 17:04:29', 'test'),
(278, '277', 11, '2020-09-09 17:04:29', 'test'),
(279, '278', 11, '2020-09-09 17:04:29', 'test'),
(280, '279', 11, '2020-09-09 17:04:29', 'test'),
(281, '280', 11, '2020-09-09 17:04:29', 'test'),
(282, '281', 11, '2020-09-09 17:04:29', 'test'),
(283, '282', 11, '2020-09-09 17:04:29', 'test'),
(284, '283', 11, '2020-09-09 17:04:29', 'test'),
(285, '284', 11, '2020-09-09 17:04:30', 'test'),
(286, '285', 11, '2020-09-09 17:04:30', 'test'),
(287, '286', 11, '2020-09-09 17:04:30', 'test'),
(288, '287', 11, '2020-09-09 17:04:30', 'test'),
(289, '288', 11, '2020-09-09 17:04:30', 'test'),
(290, '289', 11, '2020-09-09 17:04:30', 'test'),
(291, '290', 11, '2020-09-09 17:04:30', 'test'),
(292, '291', 11, '2020-09-09 17:04:30', 'test'),
(293, '292', 11, '2020-09-09 17:04:30', 'test'),
(294, '293', 11, '2020-09-09 17:04:31', 'test'),
(295, '294', 11, '2020-09-09 17:04:31', 'test'),
(296, '295', 11, '2020-09-09 17:04:31', 'test'),
(297, '296', 11, '2020-09-09 17:04:31', 'test'),
(298, '297', 11, '2020-09-09 17:04:31', 'test'),
(299, '298', 11, '2020-09-09 17:04:31', 'test'),
(300, '299', 11, '2020-09-09 17:04:31', 'test'),
(301, '300', 11, '2020-09-09 17:04:31', 'test'),
(302, '301', 11, '2020-09-09 17:04:31', 'test'),
(303, '302', 11, '2020-09-09 17:04:32', 'test'),
(304, '303', 11, '2020-09-09 17:04:32', 'test'),
(305, '304', 11, '2020-09-09 17:04:32', 'test'),
(306, '305', 11, '2020-09-09 17:04:32', 'test'),
(307, '306', 11, '2020-09-09 17:04:32', 'test'),
(308, '307', 11, '2020-09-09 17:04:32', 'test'),
(309, '308', 11, '2020-09-09 17:04:32', 'test'),
(310, '309', 11, '2020-09-09 17:04:32', 'test'),
(311, '310', 11, '2020-09-09 17:04:32', 'test'),
(312, '311', 11, '2020-09-09 17:04:32', 'test'),
(313, '312', 11, '2020-09-09 17:04:33', 'test'),
(314, '313', 11, '2020-09-09 17:04:33', 'test'),
(315, '314', 11, '2020-09-09 17:04:33', 'test'),
(316, '315', 11, '2020-09-09 17:04:33', 'test'),
(317, '316', 11, '2020-09-09 17:04:33', 'test'),
(318, '317', 11, '2020-09-09 17:04:33', 'test'),
(319, '318', 11, '2020-09-09 17:04:33', 'test'),
(320, '319', 11, '2020-09-09 17:04:34', 'test'),
(321, '320', 11, '2020-09-09 17:04:34', 'test'),
(322, '321', 11, '2020-09-09 17:04:34', 'test'),
(323, '322', 11, '2020-09-09 17:04:34', 'test'),
(324, '323', 11, '2020-09-09 17:04:34', 'test'),
(325, '324', 11, '2020-09-09 17:04:34', 'test'),
(326, '325', 11, '2020-09-09 17:04:34', 'test'),
(327, '326', 11, '2020-09-09 17:04:34', 'test'),
(328, '327', 11, '2020-09-09 17:04:35', 'test'),
(329, '328', 11, '2020-09-09 17:04:35', 'test'),
(330, '329', 11, '2020-09-09 17:04:35', 'test'),
(331, '330', 11, '2020-09-09 17:04:35', 'test'),
(332, '331', 11, '2020-09-09 17:04:35', 'test'),
(333, '332', 11, '2020-09-09 17:04:36', 'test'),
(334, '333', 11, '2020-09-09 17:04:36', 'test'),
(335, '334', 11, '2020-09-09 17:04:36', 'test'),
(336, '335', 11, '2020-09-09 17:04:36', 'test'),
(337, '336', 11, '2020-09-09 17:04:36', 'test'),
(338, '337', 11, '2020-09-09 17:04:36', 'test'),
(339, '338', 11, '2020-09-09 17:04:36', 'test'),
(340, '339', 11, '2020-09-09 17:04:36', 'test'),
(341, '340', 11, '2020-09-09 17:04:37', 'test'),
(342, '341', 11, '2020-09-09 17:04:37', 'test'),
(343, '342', 11, '2020-09-09 17:04:37', 'test'),
(344, '343', 11, '2020-09-09 17:04:37', 'test'),
(345, '344', 11, '2020-09-09 17:04:37', 'test'),
(346, '345', 11, '2020-09-09 17:04:37', 'test'),
(347, '346', 11, '2020-09-09 17:04:37', 'test'),
(348, '347', 11, '2020-09-09 17:04:37', 'test'),
(349, '348', 11, '2020-09-09 17:04:37', 'test'),
(350, '349', 11, '2020-09-09 17:04:38', 'test'),
(351, '350', 11, '2020-09-09 17:04:38', 'test'),
(352, '351', 11, '2020-09-09 17:04:38', 'test'),
(353, '352', 11, '2020-09-09 17:04:38', 'test'),
(354, '353', 11, '2020-09-09 17:04:38', 'test'),
(355, '354', 11, '2020-09-09 17:04:38', 'test'),
(356, '355', 11, '2020-09-09 17:04:38', 'test'),
(357, '356', 11, '2020-09-09 17:04:38', 'test'),
(358, '357', 11, '2020-09-09 17:04:39', 'test'),
(359, '358', 11, '2020-09-09 17:04:39', 'test'),
(360, '359', 11, '2020-09-09 17:04:39', 'test'),
(361, '360', 11, '2020-09-09 17:04:39', 'test'),
(362, '361', 11, '2020-09-09 17:04:39', 'test'),
(363, '362', 11, '2020-09-09 17:04:39', 'test'),
(364, '363', 11, '2020-09-09 17:04:39', 'test'),
(365, '364', 11, '2020-09-09 17:04:39', 'test'),
(366, '365', 11, '2020-09-09 17:04:39', 'test'),
(367, '366', 11, '2020-09-09 17:04:40', 'test'),
(368, '367', 11, '2020-09-09 17:04:40', 'test'),
(369, '368', 11, '2020-09-09 17:04:40', 'test'),
(370, '369', 11, '2020-09-09 17:04:40', 'test'),
(371, '370', 11, '2020-09-09 17:04:40', 'test'),
(372, '371', 11, '2020-09-09 17:04:40', 'test'),
(373, '372', 11, '2020-09-09 17:04:40', 'test'),
(374, '373', 11, '2020-09-09 17:04:40', 'test'),
(375, '374', 11, '2020-09-09 17:04:41', 'test'),
(376, '375', 11, '2020-09-09 17:04:41', 'test'),
(377, '376', 11, '2020-09-09 17:04:41', 'test'),
(378, '377', 11, '2020-09-09 17:04:41', 'test'),
(379, '378', 11, '2020-09-09 17:04:41', 'test'),
(380, '379', 11, '2020-09-09 17:04:41', 'test'),
(381, '380', 11, '2020-09-09 17:04:41', 'test'),
(382, '381', 11, '2020-09-09 17:04:42', 'test'),
(383, '382', 11, '2020-09-09 17:04:42', 'test'),
(384, '383', 11, '2020-09-09 17:04:42', 'test'),
(385, '384', 11, '2020-09-09 17:04:42', 'test'),
(386, '385', 11, '2020-09-09 17:04:42', 'test'),
(387, '386', 11, '2020-09-09 17:04:43', 'test'),
(388, '387', 11, '2020-09-09 17:04:43', 'test'),
(389, '388', 11, '2020-09-09 17:04:43', 'test'),
(390, '389', 11, '2020-09-09 17:04:43', 'test'),
(391, '390', 11, '2020-09-09 17:04:43', 'test'),
(392, '391', 11, '2020-09-09 17:04:43', 'test'),
(393, '392', 11, '2020-09-09 17:04:43', 'test'),
(394, '393', 11, '2020-09-09 17:04:44', 'test'),
(395, '394', 11, '2020-09-09 17:04:44', 'test'),
(396, '395', 11, '2020-09-09 17:04:44', 'test'),
(397, '396', 11, '2020-09-09 17:04:44', 'test'),
(398, '397', 11, '2020-09-09 17:04:44', 'test'),
(399, '398', 11, '2020-09-09 17:04:44', 'test'),
(400, '399', 11, '2020-09-09 17:04:44', 'test'),
(401, '400', 11, '2020-09-09 17:04:44', 'test'),
(402, '401', 11, '2020-09-09 17:04:45', 'test'),
(403, '402', 11, '2020-09-09 17:04:45', 'test'),
(404, '403', 11, '2020-09-09 17:04:45', 'test'),
(405, '404', 11, '2020-09-09 17:04:45', 'test'),
(406, '405', 11, '2020-09-09 17:04:45', 'test'),
(407, '406', 11, '2020-09-09 17:04:45', 'test'),
(408, '407', 11, '2020-09-09 17:04:45', 'test'),
(409, '408', 11, '2020-09-09 17:04:45', 'test'),
(410, '409', 11, '2020-09-09 17:04:46', 'test'),
(411, '410', 11, '2020-09-09 17:04:46', 'test'),
(412, '411', 11, '2020-09-09 17:04:46', 'test'),
(413, '412', 11, '2020-09-09 17:04:46', 'test'),
(414, '413', 11, '2020-09-09 17:04:46', 'test'),
(415, '414', 11, '2020-09-09 17:04:46', 'test'),
(416, '415', 11, '2020-09-09 17:04:46', 'test'),
(417, '416', 11, '2020-09-09 17:04:46', 'test'),
(418, '417', 11, '2020-09-09 17:04:46', 'test'),
(419, '418', 11, '2020-09-09 17:04:47', 'test'),
(420, '419', 11, '2020-09-09 17:04:47', 'test'),
(421, '420', 11, '2020-09-09 17:04:47', 'test'),
(422, '421', 11, '2020-09-09 17:04:47', 'test'),
(423, '422', 11, '2020-09-09 17:04:47', 'test'),
(424, '423', 11, '2020-09-09 17:04:47', 'test'),
(425, '424', 11, '2020-09-09 17:04:47', 'test'),
(426, '425', 11, '2020-09-09 17:04:47', 'test'),
(427, '426', 11, '2020-09-09 17:04:47', 'test'),
(428, '427', 11, '2020-09-09 17:04:48', 'test'),
(429, '428', 11, '2020-09-09 17:04:48', 'test'),
(430, '429', 11, '2020-09-09 17:04:48', 'test'),
(431, '430', 11, '2020-09-09 17:04:48', 'test'),
(432, '431', 11, '2020-09-09 17:04:48', 'test'),
(433, '432', 11, '2020-09-09 17:04:48', 'test'),
(434, '433', 11, '2020-09-09 17:04:48', 'test'),
(435, '434', 11, '2020-09-09 17:04:48', 'test'),
(436, '435', 11, '2020-09-09 17:04:48', 'test'),
(437, '436', 11, '2020-09-09 17:04:48', 'test'),
(438, '437', 11, '2020-09-09 17:04:49', 'test'),
(439, '438', 11, '2020-09-09 17:04:49', 'test'),
(440, '439', 11, '2020-09-09 17:04:49', 'test'),
(441, '440', 11, '2020-09-09 17:04:49', 'test'),
(442, '441', 11, '2020-09-09 17:04:49', 'test'),
(443, '442', 11, '2020-09-09 17:04:49', 'test'),
(444, '443', 11, '2020-09-09 17:04:50', 'test'),
(445, '444', 11, '2020-09-09 17:04:50', 'test'),
(446, '445', 11, '2020-09-09 17:04:50', 'test'),
(447, '446', 11, '2020-09-09 17:04:50', 'test'),
(448, '447', 11, '2020-09-09 17:04:50', 'test'),
(449, '448', 11, '2020-09-09 17:04:50', 'test'),
(450, '449', 11, '2020-09-09 17:04:50', 'test'),
(451, '450', 11, '2020-09-09 17:04:50', 'test'),
(452, '451', 11, '2020-09-09 17:04:50', 'test'),
(453, '452', 11, '2020-09-09 17:04:51', 'test'),
(454, '453', 11, '2020-09-09 17:04:51', 'test'),
(455, '454', 11, '2020-09-09 17:04:51', 'test'),
(456, '455', 11, '2020-09-09 17:04:51', 'test'),
(457, '456', 11, '2020-09-09 17:04:51', 'test'),
(458, '457', 11, '2020-09-09 17:04:51', 'test'),
(459, '458', 11, '2020-09-09 17:04:51', 'test'),
(460, '459', 11, '2020-09-09 17:04:51', 'test'),
(461, '460', 11, '2020-09-09 17:04:51', 'test'),
(462, '461', 11, '2020-09-09 17:04:51', 'test'),
(463, '462', 11, '2020-09-09 17:04:51', 'test'),
(464, '463', 11, '2020-09-09 17:04:52', 'test'),
(465, '464', 11, '2020-09-09 17:04:52', 'test'),
(466, '465', 11, '2020-09-09 17:04:52', 'test'),
(467, '466', 11, '2020-09-09 17:04:52', 'test'),
(468, '467', 11, '2020-09-09 17:04:52', 'test'),
(469, '468', 11, '2020-09-09 17:04:52', 'test'),
(470, '469', 11, '2020-09-09 17:04:52', 'test'),
(471, '470', 11, '2020-09-09 17:04:53', 'test'),
(472, '471', 11, '2020-09-09 17:04:53', 'test'),
(473, '472', 11, '2020-09-09 17:04:53', 'test'),
(474, '473', 11, '2020-09-09 17:04:53', 'test'),
(475, '474', 11, '2020-09-09 17:04:53', 'test'),
(476, '475', 11, '2020-09-09 17:04:53', 'test'),
(477, '476', 11, '2020-09-09 17:04:53', 'test'),
(478, '477', 11, '2020-09-09 17:04:53', 'test'),
(479, '478', 11, '2020-09-09 17:04:53', 'test'),
(480, '479', 11, '2020-09-09 17:04:53', 'test'),
(481, '480', 11, '2020-09-09 17:04:54', 'test'),
(482, '481', 11, '2020-09-09 17:04:54', 'test'),
(483, '482', 11, '2020-09-09 17:04:54', 'test'),
(484, '483', 11, '2020-09-09 17:04:54', 'test'),
(485, '484', 11, '2020-09-09 17:04:54', 'test'),
(486, '485', 11, '2020-09-09 17:04:54', 'test'),
(487, '486', 11, '2020-09-09 17:04:54', 'test'),
(488, '487', 11, '2020-09-09 17:04:54', 'test'),
(489, '488', 11, '2020-09-09 17:04:54', 'test'),
(490, '489', 11, '2020-09-09 17:04:54', 'test'),
(491, '490', 11, '2020-09-09 17:04:54', 'test'),
(492, '491', 11, '2020-09-09 17:04:55', 'test'),
(493, '492', 11, '2020-09-09 17:04:55', 'test'),
(494, '493', 11, '2020-09-09 17:04:55', 'test'),
(495, '494', 11, '2020-09-09 17:04:55', 'test'),
(496, '495', 11, '2020-09-09 17:04:55', 'test'),
(497, '496', 11, '2020-09-09 17:04:55', 'test'),
(498, '497', 11, '2020-09-09 17:04:55', 'test'),
(499, '498', 11, '2020-09-09 17:04:55', 'test'),
(500, '499', 11, '2020-09-09 17:04:55', 'test'),
(501, '500', 11, '2020-09-09 17:04:55', 'test'),
(502, '501', 11, '2020-09-09 17:04:55', 'test'),
(503, '502', 11, '2020-09-09 17:04:55', 'test'),
(504, '503', 11, '2020-09-09 17:04:56', 'test'),
(505, '504', 11, '2020-09-09 17:04:56', 'test'),
(506, '505', 11, '2020-09-09 17:04:56', 'test'),
(507, '506', 11, '2020-09-09 17:04:56', 'test'),
(508, '507', 11, '2020-09-09 17:04:56', 'test'),
(509, '508', 11, '2020-09-09 17:04:56', 'test'),
(510, '509', 11, '2020-09-09 17:04:56', 'test'),
(511, '510', 11, '2020-09-09 17:04:56', 'test'),
(512, '511', 11, '2020-09-09 17:04:56', 'test'),
(513, '512', 11, '2020-09-09 17:04:56', 'test'),
(514, '513', 11, '2020-09-09 17:04:56', 'test'),
(515, '514', 11, '2020-09-09 17:04:57', 'test'),
(516, '515', 11, '2020-09-09 17:04:57', 'test'),
(517, '516', 11, '2020-09-09 17:04:57', 'test'),
(518, '517', 11, '2020-09-09 17:04:57', 'test'),
(519, '518', 11, '2020-09-09 17:04:58', 'test'),
(520, '519', 11, '2020-09-09 17:04:58', 'test'),
(521, '520', 11, '2020-09-09 17:04:58', 'test'),
(522, '521', 11, '2020-09-09 17:04:58', 'test'),
(523, '522', 11, '2020-09-09 17:04:58', 'test'),
(524, '523', 11, '2020-09-09 17:04:58', 'test'),
(525, '524', 11, '2020-09-09 17:04:58', 'test'),
(526, '525', 11, '2020-09-09 17:04:58', 'test'),
(527, '526', 11, '2020-09-09 17:04:58', 'test'),
(528, '527', 11, '2020-09-09 17:04:58', 'test'),
(529, '528', 11, '2020-09-09 17:04:58', 'test'),
(530, '529', 11, '2020-09-09 17:04:59', 'test'),
(531, '530', 11, '2020-09-09 17:04:59', 'test'),
(532, '531', 11, '2020-09-09 17:04:59', 'test'),
(533, '532', 11, '2020-09-09 17:04:59', 'test'),
(534, '533', 11, '2020-09-09 17:04:59', 'test'),
(535, '534', 11, '2020-09-09 17:04:59', 'test'),
(536, '535', 11, '2020-09-09 17:04:59', 'test'),
(537, '536', 11, '2020-09-09 17:04:59', 'test'),
(538, '537', 11, '2020-09-09 17:04:59', 'test'),
(539, '538', 11, '2020-09-09 17:04:59', 'test'),
(540, '539', 11, '2020-09-09 17:04:59', 'test'),
(541, '540', 11, '2020-09-09 17:05:00', 'test'),
(542, '541', 11, '2020-09-09 17:05:00', 'test'),
(543, '542', 11, '2020-09-09 17:05:00', 'test'),
(544, '543', 11, '2020-09-09 17:05:00', 'test'),
(545, '544', 11, '2020-09-09 17:05:00', 'test'),
(546, '545', 11, '2020-09-09 17:05:00', 'test'),
(547, '546', 11, '2020-09-09 17:05:00', 'test'),
(548, '547', 11, '2020-09-09 17:05:00', 'test'),
(549, '548', 11, '2020-09-09 17:05:00', 'test'),
(550, '549', 11, '2020-09-09 17:05:00', 'test'),
(551, '550', 11, '2020-09-09 17:05:01', 'test'),
(552, '551', 11, '2020-09-09 17:05:01', 'test'),
(553, '552', 11, '2020-09-09 17:05:01', 'test'),
(554, '553', 11, '2020-09-09 17:05:01', 'test'),
(555, '554', 11, '2020-09-09 17:05:01', 'test'),
(556, '555', 11, '2020-09-09 17:05:01', 'test'),
(557, '556', 11, '2020-09-09 17:05:01', 'test'),
(558, '557', 11, '2020-09-09 17:05:01', 'test'),
(559, '558', 11, '2020-09-09 17:05:02', 'test'),
(560, '559', 11, '2020-09-09 17:05:02', 'test'),
(561, '560', 11, '2020-09-09 17:05:02', 'test'),
(562, '561', 11, '2020-09-09 17:05:02', 'test'),
(563, '562', 11, '2020-09-09 17:05:02', 'test'),
(564, '563', 11, '2020-09-09 17:05:02', 'test'),
(565, '564', 11, '2020-09-09 17:05:02', 'test'),
(566, '565', 11, '2020-09-09 17:05:02', 'test'),
(567, '566', 11, '2020-09-09 17:05:02', 'test'),
(568, '567', 11, '2020-09-09 17:05:03', 'test'),
(569, '568', 11, '2020-09-09 17:05:03', 'test'),
(570, '569', 11, '2020-09-09 17:05:03', 'test'),
(571, '570', 11, '2020-09-09 17:05:03', 'test'),
(572, '571', 11, '2020-09-09 17:05:03', 'test'),
(573, '572', 11, '2020-09-09 17:05:03', 'test'),
(574, '573', 11, '2020-09-09 17:05:03', 'test'),
(575, '574', 11, '2020-09-09 17:05:03', 'test'),
(576, '575', 11, '2020-09-09 17:05:03', 'test'),
(577, '576', 11, '2020-09-09 17:05:04', 'test'),
(578, '577', 11, '2020-09-09 17:05:04', 'test'),
(579, '578', 11, '2020-09-09 17:05:04', 'test'),
(580, '579', 11, '2020-09-09 17:05:04', 'test'),
(581, '580', 11, '2020-09-09 17:05:05', 'test'),
(582, '581', 11, '2020-09-09 17:05:05', 'test'),
(583, '582', 11, '2020-09-09 17:05:05', 'test'),
(584, '583', 11, '2020-09-09 17:05:05', 'test'),
(585, '584', 11, '2020-09-09 17:05:05', 'test'),
(586, '585', 11, '2020-09-09 17:05:05', 'test'),
(587, '586', 11, '2020-09-09 17:05:05', 'test'),
(588, '587', 11, '2020-09-09 17:05:05', 'test'),
(589, '588', 11, '2020-09-09 17:05:06', 'test'),
(590, '589', 11, '2020-09-09 17:05:06', 'test'),
(591, '590', 11, '2020-09-09 17:05:06', 'test'),
(592, '591', 11, '2020-09-09 17:05:06', 'test'),
(593, '592', 11, '2020-09-09 17:05:06', 'test'),
(594, '593', 11, '2020-09-09 17:05:06', 'test'),
(595, '594', 11, '2020-09-09 17:05:06', 'test'),
(596, '595', 11, '2020-09-09 17:05:06', 'test'),
(597, '596', 11, '2020-09-09 17:05:07', 'test'),
(598, '597', 11, '2020-09-09 17:05:07', 'test'),
(599, '598', 11, '2020-09-09 17:05:07', 'test'),
(600, '599', 11, '2020-09-09 17:05:07', 'test'),
(601, '600', 11, '2020-09-09 17:05:07', 'test'),
(602, '601', 11, '2020-09-09 17:05:07', 'test'),
(603, '602', 11, '2020-09-09 17:05:07', 'test'),
(604, '603', 11, '2020-09-09 17:05:07', 'test'),
(605, '604', 11, '2020-09-09 17:05:07', 'test'),
(606, '605', 11, '2020-09-09 17:05:08', 'test'),
(607, '606', 11, '2020-09-09 17:05:08', 'test'),
(608, '607', 11, '2020-09-09 17:05:08', 'test'),
(609, '608', 11, '2020-09-09 17:05:08', 'test'),
(610, '609', 11, '2020-09-09 17:05:08', 'test'),
(611, '610', 11, '2020-09-09 17:05:08', 'test'),
(612, '611', 11, '2020-09-09 17:05:08', 'test'),
(613, '612', 11, '2020-09-09 17:05:08', 'test'),
(614, '613', 11, '2020-09-09 17:05:08', 'test'),
(615, '614', 11, '2020-09-09 17:05:08', 'test'),
(616, '615', 11, '2020-09-09 17:05:09', 'test'),
(617, '616', 11, '2020-09-09 17:05:09', 'test'),
(618, '617', 11, '2020-09-09 17:05:09', 'test'),
(619, '618', 11, '2020-09-09 17:05:09', 'test'),
(620, '619', 11, '2020-09-09 17:05:09', 'test'),
(621, '620', 11, '2020-09-09 17:05:09', 'test'),
(622, '621', 11, '2020-09-09 17:05:09', 'test'),
(623, '622', 11, '2020-09-09 17:05:09', 'test'),
(624, '623', 11, '2020-09-09 17:05:09', 'test'),
(625, '624', 11, '2020-09-09 17:05:10', 'test'),
(626, '625', 11, '2020-09-09 17:05:10', 'test'),
(627, '626', 11, '2020-09-09 17:05:10', 'test'),
(628, '627', 11, '2020-09-09 17:05:10', 'test'),
(629, '628', 11, '2020-09-09 17:05:10', 'test'),
(630, '629', 11, '2020-09-09 17:05:11', 'test'),
(631, '630', 11, '2020-09-09 17:05:11', 'test'),
(632, '631', 11, '2020-09-09 17:05:11', 'test'),
(633, '632', 11, '2020-09-09 17:05:11', 'test'),
(634, '633', 11, '2020-09-09 17:05:11', 'test'),
(635, '634', 11, '2020-09-09 17:05:11', 'test'),
(636, '635', 11, '2020-09-09 17:05:11', 'test'),
(637, '636', 11, '2020-09-09 17:05:11', 'test'),
(638, '637', 11, '2020-09-09 17:05:11', 'test'),
(639, '638', 11, '2020-09-09 17:05:12', 'test'),
(640, '639', 11, '2020-09-09 17:05:12', 'test'),
(641, '640', 11, '2020-09-09 17:05:12', 'test'),
(642, '641', 11, '2020-09-09 17:05:12', 'test'),
(643, '642', 11, '2020-09-09 17:05:12', 'test'),
(644, '643', 11, '2020-09-09 17:05:12', 'test'),
(645, '644', 11, '2020-09-09 17:05:12', 'test'),
(646, '645', 11, '2020-09-09 17:05:13', 'test'),
(647, '646', 11, '2020-09-09 17:05:13', 'test'),
(648, '647', 11, '2020-09-09 17:05:13', 'test'),
(649, '648', 11, '2020-09-09 17:05:13', 'test'),
(650, '649', 11, '2020-09-09 17:05:13', 'test'),
(651, '650', 11, '2020-09-09 17:05:13', 'test'),
(652, '651', 11, '2020-09-09 17:05:13', 'test'),
(653, '652', 11, '2020-09-09 17:05:13', 'test'),
(654, '653', 11, '2020-09-09 17:05:14', 'test'),
(655, '654', 11, '2020-09-09 17:05:14', 'test'),
(656, '655', 11, '2020-09-09 17:05:14', 'test'),
(657, '656', 11, '2020-09-09 17:05:14', 'test'),
(658, '657', 11, '2020-09-09 17:05:14', 'test'),
(659, '658', 11, '2020-09-09 17:05:14', 'test'),
(660, '659', 11, '2020-09-09 17:05:14', 'test'),
(661, '660', 11, '2020-09-09 17:05:14', 'test'),
(662, '661', 11, '2020-09-09 17:05:15', 'test'),
(663, '662', 11, '2020-09-09 17:05:15', 'test'),
(664, '663', 11, '2020-09-09 17:05:15', 'test'),
(665, '664', 11, '2020-09-09 17:05:15', 'test'),
(666, '665', 11, '2020-09-09 17:05:15', 'test'),
(667, '666', 11, '2020-09-09 17:05:15', 'test'),
(668, '667', 11, '2020-09-09 17:05:15', 'test'),
(669, '668', 11, '2020-09-09 17:05:15', 'test'),
(670, '669', 11, '2020-09-09 17:05:15', 'test'),
(671, '670', 11, '2020-09-09 17:05:16', 'test'),
(672, '671', 11, '2020-09-09 17:05:16', 'test'),
(673, '672', 11, '2020-09-09 17:05:16', 'test'),
(674, '673', 11, '2020-09-09 17:05:16', 'test'),
(675, '674', 11, '2020-09-09 17:05:16', 'test'),
(676, '675', 11, '2020-09-09 17:05:16', 'test'),
(677, '676', 11, '2020-09-09 17:05:16', 'test'),
(678, '677', 11, '2020-09-09 17:05:16', 'test'),
(679, '678', 11, '2020-09-09 17:05:16', 'test'),
(680, '679', 11, '2020-09-09 17:05:16', 'test'),
(681, '680', 11, '2020-09-09 17:05:17', 'test'),
(682, '681', 11, '2020-09-09 17:05:17', 'test'),
(683, '682', 11, '2020-09-09 17:05:17', 'test'),
(684, '683', 11, '2020-09-09 17:05:17', 'test'),
(685, '684', 11, '2020-09-09 17:05:17', 'test'),
(686, '685', 11, '2020-09-09 17:05:17', 'test'),
(687, '686', 11, '2020-09-09 17:05:18', 'test'),
(688, '687', 11, '2020-09-09 17:05:18', 'test'),
(689, '688', 11, '2020-09-09 17:05:18', 'test'),
(690, '689', 11, '2020-09-09 17:05:18', 'test'),
(691, '690', 11, '2020-09-09 17:05:18', 'test'),
(692, '691', 11, '2020-09-09 17:05:18', 'test'),
(693, '692', 11, '2020-09-09 17:05:18', 'test'),
(694, '693', 11, '2020-09-09 17:05:18', 'test'),
(695, '694', 11, '2020-09-09 17:05:18', 'test'),
(696, '695', 11, '2020-09-09 17:05:18', 'test'),
(697, '696', 11, '2020-09-09 17:05:19', 'test'),
(698, '697', 11, '2020-09-09 17:05:19', 'test'),
(699, '698', 11, '2020-09-09 17:05:19', 'test'),
(700, '699', 11, '2020-09-09 17:05:19', 'test'),
(701, '700', 11, '2020-09-09 17:05:19', 'test'),
(702, '701', 11, '2020-09-09 17:05:19', 'test'),
(703, '702', 11, '2020-09-09 17:05:19', 'test'),
(704, '703', 11, '2020-09-09 17:05:19', 'test'),
(705, '704', 11, '2020-09-09 17:05:19', 'test'),
(706, '705', 11, '2020-09-09 17:05:19', 'test'),
(707, '706', 11, '2020-09-09 17:05:20', 'test'),
(708, '707', 11, '2020-09-09 17:05:20', 'test'),
(709, '708', 11, '2020-09-09 17:05:20', 'test'),
(710, '709', 11, '2020-09-09 17:05:20', 'test'),
(711, '710', 11, '2020-09-09 17:05:20', 'test'),
(712, '711', 11, '2020-09-09 17:05:20', 'test'),
(713, '712', 11, '2020-09-09 17:05:20', 'test'),
(714, '713', 11, '2020-09-09 17:05:20', 'test'),
(715, '714', 11, '2020-09-09 17:05:20', 'test'),
(716, '715', 11, '2020-09-09 17:05:20', 'test'),
(717, '716', 11, '2020-09-09 17:05:20', 'test'),
(718, '717', 11, '2020-09-09 17:05:20', 'test'),
(719, '718', 11, '2020-09-09 17:05:21', 'test'),
(720, '719', 11, '2020-09-09 17:05:21', 'test'),
(721, '720', 11, '2020-09-09 17:05:21', 'test'),
(722, '721', 11, '2020-09-09 17:05:21', 'test'),
(723, '722', 11, '2020-09-09 17:05:21', 'test'),
(724, '723', 11, '2020-09-09 17:05:21', 'test'),
(725, '724', 11, '2020-09-09 17:05:22', 'test'),
(726, '725', 11, '2020-09-09 17:05:22', 'test'),
(727, '726', 11, '2020-09-09 17:05:22', 'test'),
(728, '727', 11, '2020-09-09 17:05:22', 'test'),
(729, '728', 11, '2020-09-09 17:05:23', 'test'),
(730, '729', 11, '2020-09-09 17:05:23', 'test'),
(731, '730', 11, '2020-09-09 17:05:23', 'test'),
(732, '731', 11, '2020-09-09 17:05:23', 'test'),
(733, '732', 11, '2020-09-09 17:05:23', 'test'),
(734, '733', 11, '2020-09-09 17:05:23', 'test'),
(735, '734', 11, '2020-09-09 17:05:23', 'test'),
(736, '735', 11, '2020-09-09 17:05:24', 'test'),
(737, '736', 11, '2020-09-09 17:05:24', 'test'),
(738, '737', 11, '2020-09-09 17:05:24', 'test'),
(739, '738', 11, '2020-09-09 17:05:24', 'test'),
(740, '739', 11, '2020-09-09 17:05:24', 'test'),
(741, '740', 11, '2020-09-09 17:05:24', 'test'),
(742, '741', 11, '2020-09-09 17:05:24', 'test'),
(743, '742', 11, '2020-09-09 17:05:24', 'test'),
(744, '743', 11, '2020-09-09 17:05:24', 'test'),
(745, '744', 11, '2020-09-09 17:05:25', 'test'),
(746, '745', 11, '2020-09-09 17:05:25', 'test'),
(747, '746', 11, '2020-09-09 17:05:25', 'test'),
(748, '747', 11, '2020-09-09 17:05:25', 'test'),
(749, '748', 11, '2020-09-09 17:05:25', 'test'),
(750, '749', 11, '2020-09-09 17:05:25', 'test'),
(751, '750', 11, '2020-09-09 17:05:25', 'test'),
(752, '751', 11, '2020-09-09 17:05:26', 'test'),
(753, '752', 11, '2020-09-09 17:05:26', 'test'),
(754, '753', 11, '2020-09-09 17:05:26', 'test'),
(755, '754', 11, '2020-09-09 17:05:26', 'test'),
(756, '755', 11, '2020-09-09 17:05:26', 'test'),
(757, '756', 11, '2020-09-09 17:05:26', 'test'),
(758, '757', 11, '2020-09-09 17:05:26', 'test'),
(759, '758', 11, '2020-09-09 17:05:26', 'test'),
(760, '759', 11, '2020-09-09 17:05:27', 'test'),
(761, '760', 11, '2020-09-09 17:05:27', 'test'),
(762, '761', 11, '2020-09-09 17:05:27', 'test'),
(763, '762', 11, '2020-09-09 17:05:27', 'test'),
(764, '763', 11, '2020-09-09 17:05:27', 'test'),
(765, '764', 11, '2020-09-09 17:05:27', 'test'),
(766, '765', 11, '2020-09-09 17:05:27', 'test'),
(767, '766', 11, '2020-09-09 17:05:27', 'test'),
(768, '767', 11, '2020-09-09 17:05:28', 'test'),
(769, '768', 11, '2020-09-09 17:05:28', 'test'),
(770, '769', 11, '2020-09-09 17:05:28', 'test'),
(771, '770', 11, '2020-09-09 17:05:28', 'test'),
(772, '771', 11, '2020-09-09 17:05:28', 'test'),
(773, '772', 11, '2020-09-09 17:05:28', 'test'),
(774, '773', 11, '2020-09-09 17:05:28', 'test'),
(775, '774', 11, '2020-09-09 17:05:28', 'test'),
(776, '775', 11, '2020-09-09 17:05:29', 'test'),
(777, '776', 11, '2020-09-09 17:05:29', 'test'),
(778, '777', 11, '2020-09-09 17:05:29', 'test'),
(779, '778', 11, '2020-09-09 17:05:29', 'test'),
(780, '779', 11, '2020-09-09 17:05:29', 'test'),
(781, '780', 11, '2020-09-09 17:05:29', 'test'),
(782, '781', 11, '2020-09-09 17:05:29', 'test'),
(783, '782', 11, '2020-09-09 17:05:29', 'test'),
(784, '783', 11, '2020-09-09 17:05:30', 'test'),
(785, '784', 11, '2020-09-09 17:05:30', 'test'),
(786, '785', 11, '2020-09-09 17:05:30', 'test'),
(787, '786', 11, '2020-09-09 17:05:30', 'test'),
(788, '787', 11, '2020-09-09 17:05:30', 'test'),
(789, '788', 11, '2020-09-09 17:05:30', 'test'),
(790, '789', 11, '2020-09-09 17:05:30', 'test'),
(791, '790', 11, '2020-09-09 17:05:30', 'test'),
(792, '791', 11, '2020-09-09 17:05:30', 'test'),
(793, '792', 11, '2020-09-09 17:05:31', 'test'),
(794, '793', 11, '2020-09-09 17:05:31', 'test'),
(795, '794', 11, '2020-09-09 17:05:31', 'test'),
(796, '795', 11, '2020-09-09 17:05:31', 'test'),
(797, '796', 11, '2020-09-09 17:05:31', 'test'),
(798, '797', 11, '2020-09-09 17:05:31', 'test'),
(799, '798', 11, '2020-09-09 17:05:31', 'test'),
(800, '799', 11, '2020-09-09 17:05:32', 'test'),
(801, '800', 11, '2020-09-09 17:05:32', 'test'),
(802, '801', 11, '2020-09-09 17:05:32', 'test'),
(803, '802', 11, '2020-09-09 17:05:32', 'test'),
(804, '803', 11, '2020-09-09 17:05:32', 'test'),
(805, '804', 11, '2020-09-09 17:05:32', 'test'),
(806, '805', 11, '2020-09-09 17:05:32', 'test'),
(807, '806', 11, '2020-09-09 17:05:32', 'test'),
(808, '807', 11, '2020-09-09 17:05:32', 'test'),
(809, '808', 11, '2020-09-09 17:05:33', 'test'),
(810, '809', 11, '2020-09-09 17:05:33', 'test'),
(811, '810', 11, '2020-09-09 17:05:33', 'test'),
(812, '811', 11, '2020-09-09 17:05:33', 'test'),
(813, '812', 11, '2020-09-09 17:05:33', 'test'),
(814, '813', 11, '2020-09-09 17:05:33', 'test'),
(815, '814', 11, '2020-09-09 17:05:34', 'test'),
(816, '815', 11, '2020-09-09 17:05:34', 'test'),
(817, '816', 11, '2020-09-09 17:05:34', 'test'),
(818, '817', 11, '2020-09-09 17:05:34', 'test'),
(819, '818', 11, '2020-09-09 17:05:34', 'test'),
(820, '819', 11, '2020-09-09 17:05:34', 'test'),
(821, '820', 11, '2020-09-09 17:05:34', 'test'),
(822, '821', 11, '2020-09-09 17:05:34', 'test'),
(823, '822', 11, '2020-09-09 17:05:34', 'test'),
(824, '823', 11, '2020-09-09 17:05:35', 'test'),
(825, '824', 11, '2020-09-09 17:05:35', 'test'),
(826, '825', 11, '2020-09-09 17:05:35', 'test'),
(827, '826', 11, '2020-09-09 17:05:35', 'test'),
(828, '827', 11, '2020-09-09 17:05:35', 'test'),
(829, '828', 11, '2020-09-09 17:05:35', 'test'),
(830, '829', 11, '2020-09-09 17:05:35', 'test'),
(831, '830', 11, '2020-09-09 17:05:35', 'test'),
(832, '831', 11, '2020-09-09 17:05:36', 'test'),
(833, '832', 11, '2020-09-09 17:05:36', 'test'),
(834, '833', 11, '2020-09-09 17:05:36', 'test'),
(835, '834', 11, '2020-09-09 17:05:36', 'test'),
(836, '835', 11, '2020-09-09 17:05:36', 'test'),
(837, '836', 11, '2020-09-09 17:05:36', 'test'),
(838, '837', 11, '2020-09-09 17:05:36', 'test'),
(839, '838', 11, '2020-09-09 17:05:37', 'test'),
(840, '839', 11, '2020-09-09 17:05:37', 'test'),
(841, '840', 11, '2020-09-09 17:05:37', 'test'),
(842, '841', 11, '2020-09-09 17:05:37', 'test'),
(843, '842', 11, '2020-09-09 17:05:37', 'test'),
(844, '843', 11, '2020-09-09 17:05:37', 'test'),
(845, '844', 11, '2020-09-09 17:05:37', 'test'),
(846, '845', 11, '2020-09-09 17:05:37', 'test'),
(847, '846', 11, '2020-09-09 17:05:37', 'test'),
(848, '847', 11, '2020-09-09 17:05:38', 'test'),
(849, '848', 11, '2020-09-09 17:05:38', 'test'),
(850, '849', 11, '2020-09-09 17:05:38', 'test'),
(851, '850', 11, '2020-09-09 17:05:38', 'test'),
(852, '851', 11, '2020-09-09 17:05:38', 'test'),
(853, '852', 11, '2020-09-09 17:05:38', 'test'),
(854, '853', 11, '2020-09-09 17:05:39', 'test'),
(855, '854', 11, '2020-09-09 17:05:39', 'test'),
(856, '855', 11, '2020-09-09 17:05:39', 'test'),
(857, '856', 11, '2020-09-09 17:05:39', 'test'),
(858, '857', 11, '2020-09-09 17:05:39', 'test'),
(859, '858', 11, '2020-09-09 17:05:39', 'test'),
(860, '859', 11, '2020-09-09 17:05:40', 'test'),
(861, '860', 11, '2020-09-09 17:05:40', 'test'),
(862, '861', 11, '2020-09-09 17:05:40', 'test'),
(863, '862', 11, '2020-09-09 17:05:40', 'test'),
(864, '863', 11, '2020-09-09 17:05:40', 'test'),
(865, '864', 11, '2020-09-09 17:05:40', 'test'),
(866, '865', 11, '2020-09-09 17:05:40', 'test'),
(867, '866', 11, '2020-09-09 17:05:40', 'test'),
(868, '867', 11, '2020-09-09 17:05:41', 'test'),
(869, '868', 11, '2020-09-09 17:05:41', 'test'),
(870, '869', 11, '2020-09-09 17:05:41', 'test'),
(871, '870', 11, '2020-09-09 17:05:41', 'test'),
(872, '871', 11, '2020-09-09 17:05:41', 'test'),
(873, '872', 11, '2020-09-09 17:05:41', 'test'),
(874, '873', 11, '2020-09-09 17:05:41', 'test'),
(875, '874', 11, '2020-09-09 17:05:41', 'test'),
(876, '875', 11, '2020-09-09 17:05:41', 'test'),
(877, '876', 11, '2020-09-09 17:05:42', 'test'),
(878, '877', 11, '2020-09-09 17:05:42', 'test'),
(879, '878', 11, '2020-09-09 17:05:42', 'test'),
(880, '879', 11, '2020-09-09 17:05:42', 'test'),
(881, '880', 11, '2020-09-09 17:05:42', 'test'),
(882, '881', 11, '2020-09-09 17:05:42', 'test'),
(883, '882', 11, '2020-09-09 17:05:42', 'test'),
(884, '883', 11, '2020-09-09 17:05:42', 'test'),
(885, '884', 11, '2020-09-09 17:05:43', 'test'),
(886, '885', 11, '2020-09-09 17:05:43', 'test'),
(887, '886', 11, '2020-09-09 17:05:43', 'test'),
(888, '887', 11, '2020-09-09 17:05:43', 'test'),
(889, '888', 11, '2020-09-09 17:05:43', 'test'),
(890, '889', 11, '2020-09-09 17:05:43', 'test'),
(891, '890', 11, '2020-09-09 17:05:44', 'test'),
(892, '891', 11, '2020-09-09 17:05:44', 'test'),
(893, '892', 11, '2020-09-09 17:05:44', 'test'),
(894, '893', 11, '2020-09-09 17:05:44', 'test'),
(895, '894', 11, '2020-09-09 17:05:45', 'test'),
(896, '895', 11, '2020-09-09 17:05:45', 'test'),
(897, '896', 11, '2020-09-09 17:05:45', 'test'),
(898, '897', 11, '2020-09-09 17:05:45', 'test'),
(899, '898', 11, '2020-09-09 17:05:45', 'test'),
(900, '899', 11, '2020-09-09 17:05:45', 'test'),
(901, '900', 11, '2020-09-09 17:05:45', 'test'),
(902, '901', 11, '2020-09-09 17:05:45', 'test'),
(903, '902', 11, '2020-09-09 17:05:46', 'test'),
(904, '903', 11, '2020-09-09 17:05:46', 'test'),
(905, '904', 11, '2020-09-09 17:05:46', 'test'),
(906, '905', 11, '2020-09-09 17:05:46', 'test'),
(907, '906', 11, '2020-09-09 17:05:46', 'test'),
(908, '907', 11, '2020-09-09 17:05:46', 'test'),
(909, '908', 11, '2020-09-09 17:05:46', 'test'),
(910, '909', 11, '2020-09-09 17:05:46', 'test'),
(911, '910', 11, '2020-09-09 17:05:47', 'test'),
(912, '911', 11, '2020-09-09 17:05:47', 'test'),
(913, '912', 11, '2020-09-09 17:05:47', 'test'),
(914, '913', 11, '2020-09-09 17:05:47', 'test'),
(915, '914', 11, '2020-09-09 17:05:47', 'test'),
(916, '915', 11, '2020-09-09 17:05:47', 'test'),
(917, '916', 11, '2020-09-09 17:05:47', 'test'),
(918, '917', 11, '2020-09-09 17:05:47', 'test'),
(919, '918', 11, '2020-09-09 17:05:47', 'test'),
(920, '919', 11, '2020-09-09 17:05:47', 'test'),
(921, '920', 11, '2020-09-09 17:05:48', 'test'),
(922, '921', 11, '2020-09-09 17:05:48', 'test'),
(923, '922', 11, '2020-09-09 17:05:48', 'test'),
(924, '923', 11, '2020-09-09 17:05:48', 'test'),
(925, '924', 11, '2020-09-09 17:05:48', 'test'),
(926, '925', 11, '2020-09-09 17:05:48', 'test'),
(927, '926', 11, '2020-09-09 17:05:48', 'test'),
(928, '927', 11, '2020-09-09 17:05:48', 'test'),
(929, '928', 11, '2020-09-09 17:05:48', 'test'),
(930, '929', 11, '2020-09-09 17:05:49', 'test'),
(931, '930', 11, '2020-09-09 17:05:49', 'test'),
(932, '931', 11, '2020-09-09 17:05:49', 'test'),
(933, '932', 11, '2020-09-09 17:05:49', 'test'),
(934, '933', 11, '2020-09-09 17:05:49', 'test'),
(935, '934', 11, '2020-09-09 17:05:49', 'test'),
(936, '935', 11, '2020-09-09 17:05:49', 'test'),
(937, '936', 11, '2020-09-09 17:05:49', 'test'),
(938, '937', 11, '2020-09-09 17:05:49', 'test'),
(939, '938', 11, '2020-09-09 17:05:50', 'test'),
(940, '939', 11, '2020-09-09 17:05:50', 'test'),
(941, '940', 11, '2020-09-09 17:05:50', 'test'),
(942, '941', 11, '2020-09-09 17:05:50', 'test'),
(943, '942', 11, '2020-09-09 17:05:50', 'test'),
(944, '943', 11, '2020-09-09 17:05:51', 'test'),
(945, '944', 11, '2020-09-09 17:05:51', 'test'),
(946, '945', 11, '2020-09-09 17:05:51', 'test'),
(947, '946', 11, '2020-09-09 17:05:51', 'test'),
(948, '947', 11, '2020-09-09 17:05:51', 'test'),
(949, '948', 11, '2020-09-09 17:05:52', 'test'),
(950, '949', 11, '2020-09-09 17:05:52', 'test'),
(951, '950', 11, '2020-09-09 17:05:52', 'test'),
(952, '951', 11, '2020-09-09 17:05:52', 'test'),
(953, '952', 11, '2020-09-09 17:05:52', 'test'),
(954, '953', 11, '2020-09-09 17:05:52', 'test'),
(955, '954', 11, '2020-09-09 17:05:52', 'test'),
(956, '955', 11, '2020-09-09 17:05:52', 'test'),
(957, '956', 11, '2020-09-09 17:05:52', 'test'),
(958, '957', 11, '2020-09-09 17:05:53', 'test'),
(959, '958', 11, '2020-09-09 17:05:53', 'test'),
(960, '959', 11, '2020-09-09 17:05:53', 'test'),
(961, '960', 11, '2020-09-09 17:05:53', 'test'),
(962, '961', 11, '2020-09-09 17:05:53', 'test'),
(963, '962', 11, '2020-09-09 17:05:53', 'test'),
(964, '963', 11, '2020-09-09 17:05:53', 'test'),
(965, '964', 11, '2020-09-09 17:05:53', 'test'),
(966, '965', 11, '2020-09-09 17:05:53', 'test'),
(967, '966', 11, '2020-09-09 17:05:53', 'test'),
(968, '967', 11, '2020-09-09 17:05:54', 'test'),
(969, '968', 11, '2020-09-09 17:05:54', 'test'),
(970, '969', 11, '2020-09-09 17:05:54', 'test'),
(971, '970', 11, '2020-09-09 17:05:54', 'test'),
(972, '971', 11, '2020-09-09 17:05:54', 'test'),
(973, '972', 11, '2020-09-09 17:05:54', 'test'),
(974, '973', 11, '2020-09-09 17:05:54', 'test'),
(975, '974', 11, '2020-09-09 17:05:54', 'test'),
(976, '975', 11, '2020-09-09 17:05:54', 'test'),
(977, '976', 11, '2020-09-09 17:05:55', 'test'),
(978, '977', 11, '2020-09-09 17:05:55', 'test'),
(979, '978', 11, '2020-09-09 17:05:55', 'test'),
(980, '979', 11, '2020-09-09 17:05:55', 'test'),
(981, '980', 11, '2020-09-09 17:05:55', 'test'),
(982, '981', 11, '2020-09-09 17:05:55', 'test'),
(983, '982', 11, '2020-09-09 17:05:55', 'test'),
(984, '983', 11, '2020-09-09 17:05:56', 'test'),
(985, '984', 11, '2020-09-09 17:05:56', 'test'),
(986, '985', 11, '2020-09-09 17:05:56', 'test'),
(987, '986', 11, '2020-09-09 17:05:56', 'test'),
(988, '987', 11, '2020-09-09 17:05:57', 'test'),
(989, '988', 11, '2020-09-09 17:05:57', 'test'),
(990, '989', 11, '2020-09-09 17:05:57', 'test'),
(991, '990', 11, '2020-09-09 17:05:57', 'test'),
(992, '991', 11, '2020-09-09 17:05:57', 'test'),
(993, '992', 11, '2020-09-09 17:05:58', 'test'),
(994, '993', 11, '2020-09-09 17:05:58', 'test'),
(995, '994', 11, '2020-09-09 17:05:58', 'test'),
(996, '995', 11, '2020-09-09 17:05:58', 'test'),
(997, '996', 11, '2020-09-09 17:05:58', 'test'),
(998, '997', 11, '2020-09-09 17:05:58', 'test'),
(999, '998', 11, '2020-09-09 17:05:58', 'test'),
(1000, '999', 11, '2020-09-09 17:05:59', 'test'),
(1001, 'tema', 13, '2020-09-11 14:10:11', 'tekst');

-- --------------------------------------------------------

--
-- Структура на таблица `threads_category`
--

CREATE TABLE `threads_category` (
  `category_id` int(11) NOT NULL,
  `threads_id` int(11) NOT NULL
) ENGINE=InnoDB DEFAULT CHARSET=utf8mb4;

--
-- Схема на данните от таблица `threads_category`
--

INSERT INTO `threads_category` (`category_id`, `threads_id`) VALUES
(1, 1),
(1, 2),
(1, 3),
(1, 4),
(1, 5),
(1, 6),
(1, 7),
(1, 8),
(1, 9),
(1, 10),
(1, 11),
(1, 12),
(1, 13),
(1, 14),
(1, 15),
(1, 16),
(1, 17),
(1, 18),
(1, 19),
(1, 20),
(1, 21),
(1, 22),
(1, 23),
(1, 24),
(1, 25),
(1, 26),
(1, 27),
(1, 28),
(1, 29),
(1, 30),
(1, 31),
(1, 32),
(1, 33),
(1, 34),
(1, 35),
(1, 36),
(1, 37),
(1, 38),
(1, 39),
(1, 40),
(1, 41),
(1, 42),
(1, 43),
(1, 44),
(1, 45),
(1, 46),
(1, 47),
(1, 48),
(1, 49),
(1, 50),
(1, 51),
(1, 52),
(1, 53),
(1, 54),
(1, 55),
(1, 56),
(1, 57),
(1, 58),
(1, 59),
(1, 60),
(1, 61),
(1, 62),
(1, 63),
(1, 64),
(1, 65),
(1, 66),
(1, 67),
(1, 68),
(1, 69),
(1, 70),
(1, 71),
(1, 72),
(1, 73),
(1, 74),
(1, 75),
(1, 76),
(1, 77),
(1, 78),
(1, 79),
(1, 80),
(1, 81),
(1, 82),
(1, 83),
(1, 84),
(1, 85),
(1, 86),
(1, 87),
(1, 88),
(1, 89),
(1, 90),
(1, 91),
(1, 92),
(1, 93),
(1, 94),
(1, 95),
(1, 96),
(1, 97),
(1, 98),
(1, 99),
(1, 100),
(1, 101),
(1, 102),
(1, 103),
(1, 104),
(1, 105),
(1, 106),
(1, 107),
(1, 108),
(1, 109),
(1, 110),
(1, 111),
(1, 112),
(1, 113),
(1, 114),
(1, 115),
(1, 116),
(1, 117),
(1, 118),
(1, 119),
(1, 120),
(1, 121),
(1, 122),
(1, 123),
(1, 124),
(1, 125),
(1, 126),
(1, 127),
(1, 128),
(1, 129),
(1, 130),
(1, 131),
(1, 132),
(1, 133),
(1, 134),
(1, 135),
(1, 136),
(1, 137),
(1, 138),
(1, 139),
(1, 140),
(1, 141),
(1, 142),
(1, 143),
(1, 144),
(1, 145),
(1, 146),
(1, 147),
(1, 148),
(1, 149),
(1, 150),
(1, 151),
(1, 152),
(1, 153),
(1, 154),
(1, 155),
(1, 156),
(1, 157),
(1, 158),
(1, 159),
(1, 160),
(1, 161),
(1, 162),
(1, 163),
(1, 164),
(1, 165),
(1, 166),
(1, 167),
(1, 168),
(1, 169),
(1, 170),
(1, 171),
(1, 172),
(1, 173),
(1, 174),
(1, 175),
(1, 176),
(1, 177),
(1, 178),
(1, 179),
(1, 180),
(1, 181),
(1, 182),
(1, 183),
(1, 184),
(1, 185),
(1, 186),
(1, 187),
(1, 188),
(1, 189),
(1, 190),
(1, 191),
(1, 192),
(1, 193),
(1, 194),
(1, 195),
(1, 196),
(1, 197),
(1, 198),
(1, 199),
(1, 200),
(1, 201),
(1, 202),
(1, 203),
(1, 204),
(1, 205),
(1, 206),
(1, 207),
(1, 208),
(1, 209),
(1, 210),
(1, 211),
(1, 212),
(1, 213),
(1, 214),
(1, 215),
(1, 216),
(1, 217),
(1, 218),
(1, 219),
(1, 220),
(1, 221),
(1, 222),
(1, 223),
(1, 224),
(1, 225),
(1, 226),
(1, 227),
(1, 228),
(1, 229),
(1, 230),
(1, 231),
(1, 232),
(1, 233),
(1, 234),
(1, 235),
(1, 236),
(1, 237),
(1, 238),
(1, 239),
(1, 240),
(1, 241),
(1, 242),
(1, 243),
(1, 244),
(1, 245),
(1, 246),
(1, 247),
(1, 248),
(1, 249),
(1, 250),
(1, 251),
(1, 252),
(1, 253),
(1, 254),
(1, 255),
(1, 256),
(1, 257),
(1, 258),
(1, 259),
(1, 260),
(1, 261),
(1, 262),
(1, 263),
(1, 264),
(1, 265),
(1, 266),
(1, 267),
(1, 268),
(1, 269),
(1, 270),
(1, 271),
(1, 272),
(1, 273),
(1, 274),
(1, 275),
(1, 276),
(1, 277),
(1, 278),
(1, 279),
(1, 280),
(1, 281),
(1, 282),
(1, 283),
(1, 284),
(1, 285),
(1, 286),
(1, 287),
(1, 288),
(1, 289),
(1, 290),
(1, 291),
(1, 292),
(1, 293),
(1, 294),
(1, 295),
(1, 296),
(1, 297),
(1, 298),
(1, 299),
(1, 300),
(1, 301),
(1, 302),
(1, 303),
(1, 304),
(1, 305),
(1, 306),
(1, 307),
(1, 308),
(1, 309),
(1, 310),
(1, 311),
(1, 312),
(1, 313),
(1, 314),
(1, 315),
(1, 316),
(1, 317),
(1, 318),
(1, 319),
(1, 320),
(1, 321),
(1, 322),
(1, 323),
(1, 324),
(1, 325),
(1, 326),
(1, 327),
(1, 328),
(1, 329),
(1, 330),
(1, 331),
(1, 332),
(1, 333),
(1, 334),
(1, 335),
(1, 336),
(1, 337),
(1, 338),
(1, 339),
(1, 340),
(1, 341),
(1, 342),
(1, 343),
(1, 344),
(1, 345),
(1, 346),
(1, 347),
(1, 348),
(1, 349),
(1, 350),
(1, 351),
(1, 352),
(1, 353),
(1, 354),
(1, 355),
(1, 356),
(1, 357),
(1, 358),
(1, 359),
(1, 360),
(1, 361),
(1, 362),
(1, 363),
(1, 364),
(1, 365),
(1, 366),
(1, 367),
(1, 368),
(1, 369),
(1, 370),
(1, 371),
(1, 372),
(1, 373),
(1, 374),
(1, 375),
(1, 376),
(1, 377),
(1, 378),
(1, 379),
(1, 380),
(1, 381),
(1, 382),
(1, 383),
(1, 384),
(1, 385),
(1, 386),
(1, 387),
(1, 388),
(1, 389),
(1, 390),
(1, 391),
(1, 392),
(1, 393),
(1, 394),
(1, 395),
(1, 396),
(1, 397),
(1, 398),
(1, 399),
(1, 400),
(1, 401),
(1, 402),
(1, 403),
(1, 404),
(1, 405),
(1, 406),
(1, 407),
(1, 408),
(1, 409),
(1, 410),
(1, 411),
(1, 412),
(1, 413),
(1, 414),
(1, 415),
(1, 416),
(1, 417),
(1, 418),
(1, 419),
(1, 420),
(1, 421),
(1, 422),
(1, 423),
(1, 424),
(1, 425),
(1, 426),
(1, 427),
(1, 428),
(1, 429),
(1, 430),
(1, 431),
(1, 432),
(1, 433),
(1, 434),
(1, 435),
(1, 436),
(1, 437),
(1, 438),
(1, 439),
(1, 440),
(1, 441),
(1, 442),
(1, 443),
(1, 444),
(1, 445),
(1, 446),
(1, 447),
(1, 448),
(1, 449),
(1, 450),
(1, 451),
(1, 452),
(1, 453),
(1, 454),
(1, 455),
(1, 456),
(1, 457),
(1, 458),
(1, 459),
(1, 460),
(1, 461),
(1, 462),
(1, 463),
(1, 464),
(1, 465),
(1, 466),
(1, 467),
(1, 468),
(1, 469),
(1, 470),
(1, 471),
(1, 472),
(1, 473),
(1, 474),
(1, 475),
(1, 476),
(1, 477),
(1, 478),
(1, 479),
(1, 480),
(1, 481),
(1, 482),
(1, 483),
(1, 484),
(1, 485),
(1, 486),
(1, 487),
(1, 488),
(1, 489),
(1, 490),
(1, 491),
(1, 492),
(1, 493),
(1, 494),
(1, 495),
(1, 496),
(1, 497),
(1, 498),
(1, 499),
(1, 500),
(1, 501),
(1, 502),
(1, 503),
(1, 504),
(1, 505),
(1, 506),
(1, 507),
(1, 508),
(1, 509),
(1, 510),
(1, 511),
(1, 512),
(1, 513),
(1, 514),
(1, 515),
(1, 516),
(1, 517),
(1, 518),
(1, 519),
(1, 520),
(1, 521),
(1, 522),
(1, 523),
(1, 524),
(1, 525),
(1, 526),
(1, 527),
(1, 528),
(1, 529),
(1, 530),
(1, 531),
(1, 532),
(1, 533),
(1, 534),
(1, 535),
(1, 536),
(1, 537),
(1, 538),
(1, 539),
(1, 540),
(1, 541),
(1, 542),
(1, 543),
(1, 544),
(1, 545),
(1, 546),
(1, 547),
(1, 548),
(1, 549),
(1, 550),
(1, 551),
(1, 552),
(1, 553),
(1, 554),
(1, 555),
(1, 556),
(1, 557),
(1, 558),
(1, 559),
(1, 560),
(1, 561),
(1, 562),
(1, 563),
(1, 564),
(1, 565),
(1, 566),
(1, 567),
(1, 568),
(1, 569),
(1, 570),
(1, 571),
(1, 572),
(1, 573),
(1, 574),
(1, 575),
(1, 576),
(1, 577),
(1, 578),
(1, 579),
(1, 580),
(1, 581),
(1, 582),
(1, 583),
(1, 584),
(1, 585),
(1, 586),
(1, 587),
(1, 588),
(1, 589),
(1, 590),
(1, 591),
(1, 592),
(1, 593),
(1, 594),
(1, 595),
(1, 596),
(1, 597),
(1, 598),
(1, 599),
(1, 600),
(1, 601),
(1, 602),
(1, 603),
(1, 604),
(1, 605),
(1, 606),
(1, 607),
(1, 608),
(1, 609),
(1, 610),
(1, 611),
(1, 612),
(1, 613),
(1, 614),
(1, 615),
(1, 616),
(1, 617),
(1, 618),
(1, 619),
(1, 620),
(1, 621),
(1, 622),
(1, 623),
(1, 624),
(1, 625),
(1, 626),
(1, 627),
(1, 628),
(1, 629),
(1, 630),
(1, 631),
(1, 632),
(1, 633),
(1, 634),
(1, 635),
(1, 636),
(1, 637),
(1, 638),
(1, 639),
(1, 640),
(1, 641),
(1, 642),
(1, 643),
(1, 644),
(1, 645),
(1, 646),
(1, 647),
(1, 648),
(1, 649),
(1, 650),
(1, 651),
(1, 652),
(1, 653),
(1, 654),
(1, 655),
(1, 656),
(1, 657),
(1, 658),
(1, 659),
(1, 660),
(1, 661),
(1, 662),
(1, 663),
(1, 664),
(1, 665),
(1, 666),
(1, 667),
(1, 668),
(1, 669),
(1, 670),
(1, 671),
(1, 672),
(1, 673),
(1, 674),
(1, 675),
(1, 676),
(1, 677),
(1, 678),
(1, 679),
(1, 680),
(1, 681),
(1, 682),
(1, 683),
(1, 684),
(1, 685),
(1, 686),
(1, 687),
(1, 688),
(1, 689),
(1, 690),
(1, 691),
(1, 692),
(1, 693),
(1, 694),
(1, 695),
(1, 696),
(1, 697),
(1, 698),
(1, 699),
(1, 700),
(1, 701),
(1, 702),
(1, 703),
(1, 704),
(1, 705),
(1, 706),
(1, 707),
(1, 708),
(1, 709),
(1, 710),
(1, 711),
(1, 712),
(1, 713),
(1, 714),
(1, 715),
(1, 716),
(1, 717),
(1, 718),
(1, 719),
(1, 720),
(1, 721),
(1, 722),
(1, 723),
(1, 724),
(1, 725),
(1, 726),
(1, 727),
(1, 728),
(1, 729),
(1, 730),
(1, 731),
(1, 732),
(1, 733),
(1, 734),
(1, 735),
(1, 736),
(1, 737),
(1, 738),
(1, 739),
(1, 740),
(1, 741),
(1, 742),
(1, 743),
(1, 744),
(1, 745),
(1, 746),
(1, 747),
(1, 748),
(1, 749),
(1, 750),
(1, 751),
(1, 752),
(1, 753),
(1, 754),
(1, 755),
(1, 756),
(1, 757),
(1, 758),
(1, 759),
(1, 760),
(1, 761),
(1, 762),
(1, 763),
(1, 764),
(1, 765),
(1, 766),
(1, 767),
(1, 768),
(1, 769),
(1, 770),
(1, 771),
(1, 772),
(1, 773),
(1, 774),
(1, 775),
(1, 776),
(1, 777),
(1, 778),
(1, 779),
(1, 780),
(1, 781),
(1, 782),
(1, 783),
(1, 784),
(1, 785),
(1, 786),
(1, 787),
(1, 788),
(1, 789),
(1, 790),
(1, 791),
(1, 792),
(1, 793),
(1, 794),
(1, 795),
(1, 796),
(1, 797),
(1, 798),
(1, 799),
(1, 800),
(1, 801),
(1, 802),
(1, 803),
(1, 804),
(1, 805),
(1, 806),
(1, 807),
(1, 808),
(1, 809),
(1, 810),
(1, 811),
(1, 812),
(1, 813),
(1, 814),
(1, 815),
(1, 816),
(1, 817),
(1, 818),
(1, 819),
(1, 820),
(1, 821),
(1, 822),
(1, 823),
(1, 824),
(1, 825),
(1, 826),
(1, 827),
(1, 828),
(1, 829),
(1, 830),
(1, 831),
(1, 832),
(1, 833),
(1, 834),
(1, 835),
(1, 836),
(1, 837),
(1, 838),
(1, 839),
(1, 840),
(1, 841),
(1, 842),
(1, 843),
(1, 844),
(1, 845),
(1, 846),
(1, 847),
(1, 848),
(1, 849),
(1, 850),
(1, 851),
(1, 852),
(1, 853),
(1, 854),
(1, 855),
(1, 856),
(1, 857),
(1, 858),
(1, 859),
(1, 860),
(1, 861),
(1, 862),
(1, 863),
(1, 864),
(1, 865),
(1, 866),
(1, 867),
(1, 868),
(1, 869),
(1, 870),
(1, 871),
(1, 872),
(1, 873),
(1, 874),
(1, 875),
(1, 876),
(1, 877),
(1, 878),
(1, 879),
(1, 880),
(1, 881),
(1, 882),
(1, 883),
(1, 884),
(1, 885),
(1, 886),
(1, 887),
(1, 888),
(1, 889),
(1, 890),
(1, 891),
(1, 892),
(1, 893),
(1, 894),
(1, 895),
(1, 896),
(1, 897),
(1, 898),
(1, 899),
(1, 900),
(1, 901),
(1, 902),
(1, 903),
(1, 904),
(1, 905),
(1, 906),
(1, 907),
(1, 908),
(1, 909),
(1, 910),
(1, 911),
(1, 912),
(1, 913),
(1, 914),
(1, 915),
(1, 916),
(1, 917),
(1, 918),
(1, 919),
(1, 920),
(1, 921),
(1, 922),
(1, 923),
(1, 924),
(1, 925),
(1, 926),
(1, 927),
(1, 928),
(1, 929),
(1, 930),
(1, 931),
(1, 932),
(1, 933),
(1, 934),
(1, 935),
(1, 936),
(1, 937),
(1, 938),
(1, 939),
(1, 940),
(1, 941),
(1, 942),
(1, 943),
(1, 944),
(1, 945),
(1, 946),
(1, 947),
(1, 948),
(1, 949),
(1, 950),
(1, 951),
(1, 952),
(1, 953),
(1, 954),
(1, 955),
(1, 956),
(1, 957),
(1, 958),
(1, 959),
(1, 960),
(1, 961),
(1, 962),
(1, 963),
(1, 964),
(1, 965),
(1, 966),
(1, 967),
(1, 968),
(1, 969),
(1, 970),
(1, 971),
(1, 972),
(1, 973),
(1, 974),
(1, 975),
(1, 976),
(1, 977),
(1, 978),
(1, 979),
(1, 980),
(1, 981),
(1, 982),
(1, 983),
(1, 984),
(1, 985),
(1, 986),
(1, 987),
(1, 988),
(1, 989),
(1, 990),
(1, 991),
(1, 992),
(1, 993),
(1, 994),
(1, 995),
(1, 996),
(1, 997),
(1, 998),
(1, 999),
(1, 1000),
(2, 1001);

-- --------------------------------------------------------

--
-- Структура на таблица `user`
--

CREATE TABLE `user` (
  `user_id` int(11) NOT NULL,
  `username` varchar(50) NOT NULL,
  `password` blob NOT NULL,
  `email` varchar(50) NOT NULL,
  `about_me` text NOT NULL,
  `profile_picture_name` varchar(255) NOT NULL
) ENGINE=InnoDB DEFAULT CHARSET=utf8mb4;

--
-- Схема на данните от таблица `user`
--

INSERT INTO `user` (`user_id`, `username`, `password`, `email`, `about_me`, `profile_picture_name`) VALUES
(1, 'ivan', 0x7177656173647a7863766672343536313233746762, 'qwe@qwe', 'asdads\r\nwd\r\nq\r\nd\r\nd\r\nqdq', 'Default_User_Profile_Picture.png'),
(2, 'dragan', 0x717765617364727479666768, 'dragan@asdqwe', '', 'Default_User_Profile_Picture.png'),
(3, 'tedy', 0x7177656672313233, 'rfrf@weqw', 'adfadasd\r\n\r\nrg\r\nrgh\r\nth\r\nt\r\nhthasdfefef', '5f4f8505dd6a27.99992879.jpg'),
(4, 'test', 0x74657374717765343536727479, 'testr@ewq', '', 'Default_User_Profile_Picture.png'),
(5, 'pass', 0x57a81fb9463dcc46cc3f82f6392f3387, 'pass@asd', '', ''),
(6, 'passwordtest', 0x8f87062ea3f247ebf1435932215f7dd0, 'passtest@qwe', '', 'Default_User_Profile_Picture.png'),
(7, 'stefan', 0x25410578e40b91dc54a44b4ec42eb895, 'stefan@asd', '', ''),
(9, 'teatea', 0x24bc1dc29e1bd86b0bcc6ff4f9ce51e1, 'tea@tea', '', ''),
(11, 'zxczxc', 0x7ae5d5c858756090c4e699e3655a7163, 'zxc@zxc', 'фттйтгкйгкгк', '5f59c38eb87975.68650541.png'),
(12, 'qwerty', 0x9d25f0b8ba5a23561faba63e2c7405d0, 'qwerty@qwerty', '', '5f5780a42890b9.24341277.png'),
(13, 'bogo', 0x59a40d4cf4f8f999508658c6b7a7f816, 'bogo@da', 'az sam bogo', '5f5b5ae2ba75d0.75203723.png'),
(14, 'petko', 0x59a40d4cf4f8f999508658c6b7a7f816, '5ko@qwe', '', 'Default_User_Profile_Picture.png');

--
-- Indexes for dumped tables
--

--
-- Indexes for table `category`
--
ALTER TABLE `category`
  ADD PRIMARY KEY (`category_id`);

--
-- Indexes for table `comments`
--
ALTER TABLE `comments`
  ADD PRIMARY KEY (`comment_id`),
  ADD KEY `user_id` (`user_id`,`thread_id`),
  ADD KEY `id_thread_games` (`thread_id`);

--
-- Indexes for table `threads`
--
ALTER TABLE `threads`
  ADD PRIMARY KEY (`thread_id`),
  ADD KEY `user_id` (`user_id`);

--
-- Indexes for table `threads_category`
--
ALTER TABLE `threads_category`
  ADD PRIMARY KEY (`category_id`,`threads_id`),
  ADD KEY `threads_id` (`threads_id`),
  ADD KEY `category_id` (`category_id`);

--
-- Indexes for table `user`
--
ALTER TABLE `user`
  ADD PRIMARY KEY (`user_id`);

--
-- AUTO_INCREMENT for dumped tables
--

--
-- AUTO_INCREMENT for table `category`
--
ALTER TABLE `category`
  MODIFY `category_id` int(11) NOT NULL AUTO_INCREMENT, AUTO_INCREMENT=5;

--
-- AUTO_INCREMENT for table `comments`
--
ALTER TABLE `comments`
  MODIFY `comment_id` int(11) NOT NULL AUTO_INCREMENT, AUTO_INCREMENT=57;

--
-- AUTO_INCREMENT for table `threads`
--
ALTER TABLE `threads`
  MODIFY `thread_id` int(11) NOT NULL AUTO_INCREMENT, AUTO_INCREMENT=1002;

--
-- AUTO_INCREMENT for table `user`
--
ALTER TABLE `user`
  MODIFY `user_id` int(11) NOT NULL AUTO_INCREMENT, AUTO_INCREMENT=15;

--
-- Ограничения за дъмпнати таблици
--

--
-- Ограничения за таблица `comments`
--
ALTER TABLE `comments`
  ADD CONSTRAINT `comments_ibfk_1` FOREIGN KEY (`user_id`) REFERENCES `user` (`user_id`) ON UPDATE CASCADE,
  ADD CONSTRAINT `comments_ibfk_2` FOREIGN KEY (`thread_id`) REFERENCES `threads` (`thread_id`) ON UPDATE CASCADE;

--
-- Ограничения за таблица `threads`
--
ALTER TABLE `threads`
  ADD CONSTRAINT `threads_ibfk_1` FOREIGN KEY (`user_id`) REFERENCES `user` (`user_id`) ON UPDATE CASCADE;

--
-- Ограничения за таблица `threads_category`
--
ALTER TABLE `threads_category`
  ADD CONSTRAINT `threads_category_ibfk_1` FOREIGN KEY (`threads_id`) REFERENCES `threads` (`thread_id`),
  ADD CONSTRAINT `threads_category_ibfk_2` FOREIGN KEY (`category_id`) REFERENCES `category` (`category_id`);
COMMIT;

/*!40101 SET CHARACTER_SET_CLIENT=@OLD_CHARACTER_SET_CLIENT */;
/*!40101 SET CHARACTER_SET_RESULTS=@OLD_CHARACTER_SET_RESULTS */;
/*!40101 SET COLLATION_CONNECTION=@OLD_COLLATION_CONNECTION */;
